time,temperature_2m_max (°F),temperature_2m_min (°F)
2020-01-01,60.3,34.2
2020-01-02,57.1,37.9
2020-01-03,59.9,31.8
2020-01-04,68.6,33.5
2020-01-05,72.3,34.2
2020-01-06,68.4,33.2
2020-01-07,72.5,36.6
2020-01-08,70.3,40.2
2020-01-09,67.1,39.8
2020-01-10,61.0,39.2
2020-01-11,64.4,31.4
2020-01-12,68.7,31.4
2020-01-13,69.9,37.6
2020-01-14,71.1,40.1
2020-01-15,72.1,42.7
2020-01-16,68.1,48.9
2020-01-17,64.4,42.5
2020-01-18,68.6,36.9
2020-01-19,76.1,41.1
2020-01-20,76.4,52.9
2020-01-21,72.5,49.4
2020-01-22,58.5,50.7
2020-01-23,66.9,38.9
2020-01-24,71.3,41.1
2020-01-25,71.3,41.7
2020-01-26,70.9,42.3
2020-01-27,69.4,45.8
2020-01-28,66.0,38.5
2020-01-29,64.3,36.1
2020-01-30,63.6,36.7
2020-01-31,66.5,35.0
2020-02-01,77.3,36.2
2020-02-02,77.8,44.8
2020-02-03,75.1,53.3
2020-02-04,56.7,36.5
2020-02-05,48.3,23.1
2020-02-06,56.9,25.4
2020-02-07,66.5,32.7
2020-02-08,74.0,36.9
2020-02-09,73.1,45.4
2020-02-10,70.1,50.8
2020-02-11,56.9,41.2
2020-02-12,58.5,39.7
2020-02-13,65.0,35.7
2020-02-14,71.3,41.6
2020-02-15,68.8,38.9
2020-02-16,72.6,38.0
2020-02-17,73.4,41.3
2020-02-18,77.6,41.9
2020-02-19,74.6,47.0
2020-02-20,79.4,43.2
2020-02-21,77.6,59.6
2020-02-22,67.1,56.1
2020-02-23,61.9,45.6
2020-02-24,66.0,39.3
2020-02-25,65.0,42.2
2020-02-26,65.3,37.8
2020-02-27,72.2,35.1
2020-02-28,77.6,45.6
2020-02-29,77.0,45.2
2020-03-01,74.7,54.4
2020-03-02,67.0,47.1
2020-03-03,63.2,45.9
2020-03-04,70.0,40.7
2020-03-05,81.0,44.2
2020-03-06,81.0,57.5
2020-03-07,81.5,52.9
2020-03-08,79.7,58.7
2020-03-09,74.7,45.6
2020-03-10,75.0,54.8
2020-03-11,75.5,58.9
2020-03-12,73.2,60.8
2020-03-13,66.0,53.9
2020-03-14,71.6,45.4
2020-03-15,78.5,47.4
2020-03-16,80.5,46.5
2020-03-17,79.1,52.0
2020-03-18,74.4,50.7
2020-03-19,63.2,46.1
2020-03-20,69.2,41.4
2020-03-21,73.5,46.9
2020-03-22,73.1,46.6
2020-03-23,74.5,56.0
2020-03-24,75.9,46.8
2020-03-25,83.4,48.8
2020-03-26,81.8,59.2
2020-03-27,63.2,45.7
2020-03-28,67.2,36.2
2020-03-29,73.9,44.3
2020-03-30,73.1,44.8
2020-03-31,81.2,44.4
2020-04-01,84.8,54.5
2020-04-02,83.8,57.0
2020-04-03,83.7,50.3
2020-04-04,83.2,50.5
2020-04-05,82.8,54.1
2020-04-06,81.9,52.8
2020-04-07,82.5,52.5
2020-04-08,83.2,55.8
2020-04-09,80.7,52.8
2020-04-10,77.2,45.2
2020-04-11,76.4,49.5
2020-04-12,73.2,42.2
2020-04-13,77.4,51.2
2020-04-14,77.8,50.4
2020-04-15,78.5,43.7
2020-04-16,84.3,46.0
2020-04-17,83.8,53.7
2020-04-18,81.1,51.5
2020-04-19,80.5,48.9
2020-04-20,83.9,53.0
2020-04-21,85.0,53.4
2020-04-22,82.6,52.3
2020-04-23,89.8,54.6
2020-04-24,93.0,57.4
2020-04-25,94.4,58.1
2020-04-26,97.7,58.1
2020-04-27,98.9,62.3
2020-04-28,96.6,58.8
2020-04-29,104.3,60.9
2020-04-30,100.1,65.7
2020-05-01,99.1,64.2
2020-05-02,97.6,65.9
2020-05-03,96.5,64.7
2020-05-04,93.8,60.5
2020-05-05,97.2,59.6
2020-05-06,103.5,61.0
2020-05-07,102.6,62.6
2020-05-08,100.9,66.8
2020-05-09,95.6,65.9
2020-05-10,93.9,73.0
2020-05-11,96.0,65.0
2020-05-12,94.1,65.2
2020-05-13,92.0,62.3
2020-05-14,90.3,60.2
2020-05-15,93.8,60.7
2020-05-16,98.0,62.4
2020-05-17,98.4,63.9
2020-05-18,96.9,62.2
2020-05-19,96.5,64.6
2020-05-20,90.9,56.9
2020-05-21,86.6,52.0
2020-05-22,93.1,55.4
2020-05-23,92.9,61.4
2020-05-24,91.7,62.0
2020-05-25,90.6,60.7
2020-05-26,98.3,61.3
2020-05-27,101.7,63.6
2020-05-28,103.6,68.1
2020-05-29,104.9,70.5
2020-05-30,101.6,77.6
2020-05-31,100.3,75.8
2020-06-01,99.8,73.2
2020-06-02,101.2,73.7
2020-06-03,102.7,72.4
2020-06-04,105.6,74.9
2020-06-05,105.7,74.4
2020-06-06,98.5,69.3
2020-06-07,94.2,66.8
2020-06-08,93.0,66.8
2020-06-09,90.6,55.8
2020-06-10,105.3,58.3
2020-06-11,104.0,66.3
2020-06-12,106.9,72.2
2020-06-13,106.4,72.2
2020-06-14,104.3,70.8
2020-06-15,103.9,70.8
2020-06-16,103.5,77.5
2020-06-17,102.1,70.5
2020-06-18,100.1,66.4
2020-06-19,100.4,64.8
2020-06-20,101.6,64.5
2020-06-21,100.9,69.1
2020-06-22,103.6,70.4
2020-06-23,104.1,70.4
2020-06-24,105.7,69.6
2020-06-25,108.6,74.2
2020-06-26,108.7,73.3
2020-06-27,104.6,80.5
2020-06-28,100.7,78.7
2020-06-29,98.5,74.0
2020-06-30,98.4,72.8
2020-07-01,98.0,71.1
2020-07-02,96.6,74.7
2020-07-03,103.0,69.2
2020-07-04,104.6,76.3
2020-07-05,105.4,75.8
2020-07-06,106.2,74.8
2020-07-07,105.7,78.1
2020-07-08,105.5,81.8
2020-07-09,105.0,80.1
2020-07-10,105.5,83.7
2020-07-11,107.1,83.3
2020-07-12,110.0,78.4
2020-07-13,104.3,86.1
2020-07-14,106.4,83.8
2020-07-15,105.9,84.1
2020-07-16,101.8,76.7
2020-07-17,100.9,83.1
2020-07-18,100.6,80.8
2020-07-19,103.4,82.3
2020-07-20,102.5,81.6
2020-07-21,101.7,80.1
2020-07-22,99.6,78.8
2020-07-23,97.3,70.8
2020-07-24,94.7,70.5
2020-07-25,94.8,77.2
2020-07-26,100.6,75.8
2020-07-27,101.0,81.3
2020-07-28,104.6,79.5
2020-07-29,107.6,78.7
2020-07-30,108.1,78.1
2020-07-31,109.0,81.2
2020-08-01,109.3,82.6
2020-08-02,104.8,81.2
2020-08-03,103.9,82.8
2020-08-04,104.2,75.3
2020-08-05,107.4,78.5
2020-08-06,106.0,74.2
2020-08-07,104.9,77.5
2020-08-08,103.9,76.5
2020-08-09,104.8,75.7
2020-08-10,106.4,75.0
2020-08-11,105.5,78.0
2020-08-12,105.0,80.3
2020-08-13,107.5,79.3
2020-08-14,109.2,78.8
2020-08-15,109.1,83.0
2020-08-16,106.2,80.4
2020-08-17,106.8,79.4
2020-08-18,107.5,81.5
2020-08-19,107.3,81.3
2020-08-20,106.9,81.6
2020-08-21,101.5,72.6
2020-08-22,99.1,81.0
2020-08-23,104.1,80.7
2020-08-24,105.9,81.6
2020-08-25,105.9,80.7
2020-08-26,104.8,80.3
2020-08-27,105.4,77.5
2020-08-28,105.0,77.9
2020-08-29,99.7,82.6
2020-08-30,92.0,71.6
2020-08-31,89.5,73.0
2020-09-01,94.4,73.1
2020-09-02,95.5,74.8
2020-09-03,100.4,74.3
2020-09-04,108.6,73.3
2020-09-05,107.7,83.9
2020-09-06,105.8,80.8
2020-09-07,104.4,76.6
2020-09-08,101.8,81.2
2020-09-09,91.3,72.9
2020-09-10,89.0,58.3
2020-09-11,88.4,62.9
2020-09-12,96.7,63.0
2020-09-13,95.3,68.8
2020-09-14,95.1,73.7
2020-09-15,96.9,74.4
2020-09-16,101.5,67.3
2020-09-17,102.0,71.5
2020-09-18,100.2,75.9
2020-09-19,101.7,75.3
2020-09-20,98.8,74.9
2020-09-21,98.4,73.1
2020-09-22,96.5,73.0
2020-09-23,97.4,70.2
2020-09-24,100.3,68.1
2020-09-25,99.7,67.9
2020-09-26,99.4,67.3
2020-09-27,97.8,67.2
2020-09-28,101.0,63.0
2020-09-29,97.6,72.3
2020-09-30,100.3,66.2
2020-10-01,100.8,64.0
2020-10-02,101.9,66.8
2020-10-03,100.6,63.5
2020-10-04,101.0,61.7
2020-10-05,100.8,62.3
2020-10-06,99.8,60.6
2020-10-07,99.4,60.8
2020-10-08,99.6,63.3
2020-10-09,96.9,62.3
2020-10-10,95.0,62.2
2020-10-11,92.3,62.0
2020-10-12,95.3,58.0
2020-10-13,98.9,60.9
2020-10-14,98.0,61.2
2020-10-15,95.0,61.3
2020-10-16,98.8,59.4
2020-10-17,98.2,63.0
2020-10-18,94.0,57.9
2020-10-19,93.2,57.4
2020-10-20,93.1,56.2
2020-10-21,96.8,57.8
2020-10-22,92.7,61.1
2020-10-23,90.1,64.1
2020-10-24,89.5,63.5
2020-10-25,86.7,64.3
2020-10-26,82.0,61.2
2020-10-27,58.9,34.8
2020-10-28,67.9,37.2
2020-10-29,83.9,45.2
2020-10-30,90.5,56.1
2020-10-31,88.3,53.2
2020-11-01,90.3,61.4
2020-11-02,91.0,68.6
2020-11-03,95.7,63.8
2020-11-04,90.1,58.1
2020-11-05,93.8,57.2
2020-11-06,91.8,73.0
2020-11-07,88.7,74.3
2020-11-08,75.6,48.9
2020-11-09,65.9,46.1
2020-11-10,62.3,37.0
2020-11-11,70.6,36.4
2020-11-12,73.1,40.6
2020-11-13,72.9,43.8
2020-11-14,72.8,42.7
2020-11-15,81.2,39.5
2020-11-16,89.8,48.9
2020-11-17,93.4,59.1
2020-11-18,90.8,58.7
2020-11-19,87.5,58.9
2020-11-20,85.6,55.7
2020-11-21,83.5,55.6
2020-11-22,87.7,53.1
2020-11-23,80.9,54.0
2020-11-24,76.6,49.5
2020-11-25,70.7,40.0
2020-11-26,74.8,39.9
2020-11-27,68.0,39.0
2020-11-28,67.6,34.1
2020-11-29,73.8,34.2
2020-11-30,72.5,49.5
2020-12-01,69.3,36.9
2020-12-02,66.2,33.1
2020-12-03,61.4,45.1
2020-12-04,65.0,33.4
2020-12-05,68.6,31.9
2020-12-06,72.6,33.8
2020-12-07,76.2,40.1
2020-12-08,77.7,54.4
2020-12-09,79.5,50.4
2020-12-10,75.0,53.6
2020-12-11,63.0,44.2
2020-12-12,67.8,40.3
2020-12-13,63.7,37.2
2020-12-14,66.7,44.0
2020-12-15,58.8,32.2
2020-12-16,62.8,29.9
2020-12-17,72.6,34.9
2020-12-18,65.5,37.8
2020-12-19,64.6,32.1
2020-12-20,70.9,31.3
2020-12-21,77.9,34.4
2020-12-22,73.4,40.8
2020-12-23,69.1,36.7
2020-12-24,62.8,31.2
2020-12-25,67.2,38.0
2020-12-26,70.6,37.3
2020-12-27,73.1,38.9
2020-12-28,73.5,52.8
2020-12-29,67.9,45.9
2020-12-30,58.5,30.9
2020-12-31,60.5,33.1
2021-01-01,60.8,34.3
2021-01-02,62.3,31.6
2021-01-03,64.0,30.9
2021-01-04,69.7,34.5
2021-01-05,69.4,37.4
2021-01-06,69.2,34.2
2021-01-07,71.3,35.4
2021-01-08,73.7,36.2
2021-01-09,67.5,34.7
2021-01-10,63.5,30.7
2021-01-11,61.5,42.7
2021-01-12,64.5,37.1
2021-01-13,67.8,30.4
2021-01-14,73.1,34.4
2021-01-15,74.0,37.1
2021-01-16,77.3,40.1
2021-01-17,79.3,36.4
2021-01-18,76.3,39.3
2021-01-19,73.3,50.7
2021-01-20,71.3,54.7
2021-01-21,68.3,51.9
2021-01-22,67.3,42.0
2021-01-23,66.5,45.8
2021-01-24,64.1,45.8
2021-01-25,52.6,39.7
2021-01-26,46.0,34.9
2021-01-27,59.9,32.9
2021-01-28,71.4,48.3
2021-01-29,71.4,53.7
2021-01-30,65.1,39.0
2021-01-31,73.2,36.1
2021-02-01,75.6,56.5
2021-02-02,77.2,52.4
2021-02-03,79.9,54.0
2021-02-04,77.6,51.9
2021-02-05,69.7,38.2
2021-02-06,71.2,35.6
2021-02-07,74.3,37.1
2021-02-08,75.5,40.4
2021-02-09,75.8,43.3
2021-02-10,73.6,47.7
2021-02-11,73.4,40.9
2021-02-12,74.0,45.9
2021-02-13,72.3,41.6
2021-02-14,68.2,47.2
2021-02-15,63.3,35.3
2021-02-16,65.0,44.4
2021-02-17,63.4,36.0
2021-02-18,61.9,32.3
2021-02-19,71.6,34.4
2021-02-20,80.3,40.2
2021-02-21,79.0,40.0
2021-02-22,76.2,33.8
2021-02-23,79.0,38.8
2021-02-24,78.4,40.2
2021-02-25,76.0,41.0
2021-02-26,69.8,31.2
2021-02-27,73.4,36.7
2021-02-28,72.2,39.7
2021-03-01,66.6,30.8
2021-03-02,77.6,50.3
2021-03-03,82.6,47.0
2021-03-04,78.8,45.3
2021-03-05,80.3,41.2
2021-03-06,82.9,58.3
2021-03-07,86.9,52.3
2021-03-08,85.7,61.4
2021-03-09,79.6,61.1
2021-03-10,75.7,40.7
2021-03-11,70.1,39.0
2021-03-12,67.7,45.0
2021-03-13,61.4,37.8
2021-03-14,65.0,37.8
2021-03-15,69.0,41.2
2021-03-16,69.2,40.6
2021-03-17,71.3,33.7
2021-03-18,80.5,40.5
2021-03-19,82.9,44.5
2021-03-20,83.7,46.6
2021-03-21,82.5,55.1
2021-03-22,76.9,47.0
2021-03-23,71.3,43.1
2021-03-24,62.3,46.3
2021-03-25,68.9,42.5
2021-03-26,66.8,45.8
2021-03-27,72.6,42.8
2021-03-28,82.3,43.8
2021-03-29,87.9,54.8
2021-03-30,86.1,54.2
2021-03-31,86.9,47.0
2021-04-01,90.9,64.4
2021-04-02,90.1,61.4
2021-04-03,91.0,54.2
2021-04-04,94.1,56.0
2021-04-05,92.9,57.9
2021-04-06,90.2,66.3
2021-04-07,87.4,52.4
2021-04-08,89.4,56.9
2021-04-09,88.3,56.7
2021-04-10,91.2,53.2
2021-04-11,90.4,57.6
2021-04-12,89.7,64.5
2021-04-13,88.5,59.6
2021-04-14,86.6,61.8
2021-04-15,85.2,58.0
2021-04-16,81.4,59.0
2021-04-17,81.1,48.3
2021-04-18,81.5,52.7
2021-04-19,82.4,57.6
2021-04-20,88.2,53.4
2021-04-21,87.9,58.9
2021-04-22,84.2,57.9
2021-04-23,80.0,49.9
2021-04-24,88.5,53.1
2021-04-25,92.5,57.0
2021-04-26,90.0,60.7
2021-04-27,78.3,56.3
2021-04-28,72.2,49.0
2021-04-29,83.8,48.1
2021-04-30,89.2,60.2
2021-05-01,94.8,62.7
2021-05-02,93.6,66.5
2021-05-03,89.4,59.7
2021-05-04,90.9,56.8
2021-05-05,95.4,58.5
2021-05-06,99.2,61.6
2021-05-07,98.3,62.9
2021-05-08,94.5,60.1
2021-05-09,92.0,60.7
2021-05-10,92.6,61.8
2021-05-11,94.2,58.0
2021-05-12,96.9,59.6
2021-05-13,99.7,62.8
2021-05-14,98.9,64.8
2021-05-15,97.5,67.6
2021-05-16,93.5,65.2
2021-05-17,90.4,58.5
2021-05-18,89.3,61.1
2021-05-19,95.9,66.5
2021-05-20,96.8,69.8
2021-05-21,93.3,73.4
2021-05-22,88.5,56.5
2021-05-23,85.9,51.9
2021-05-24,91.4,51.1
2021-05-25,96.5,56.6
2021-05-26,96.7,67.3
2021-05-27,95.1,65.4
2021-05-28,99.5,62.7
2021-05-29,99.0,64.5
2021-05-30,98.8,63.8
2021-05-31,97.3,70.1
2021-06-01,99.0,67.7
2021-06-02,99.9,69.0
2021-06-03,101.4,73.2
2021-06-04,100.9,71.4
2021-06-05,101.9,70.8
2021-06-06,102.1,73.1
2021-06-07,100.0,68.6
2021-06-08,99.3,69.3
2021-06-09,102.1,64.6
2021-06-10,101.4,65.5
2021-06-11,103.3,68.0
2021-06-12,109.5,65.9
2021-06-13,110.9,72.8
2021-06-14,110.9,73.8
2021-06-15,112.7,79.3
2021-06-16,113.6,83.0
2021-06-17,112.5,81.6
2021-06-18,112.5,84.0
2021-06-19,112.1,79.6
2021-06-20,110.5,83.3
2021-06-21,107.6,83.7
2021-06-22,103.2,81.3
2021-06-23,97.1,77.6
2021-06-24,98.3,74.8
2021-06-25,101.4,77.9
2021-06-26,102.6,72.6
2021-06-27,106.9,74.9
2021-06-28,105.4,82.2
2021-06-29,100.0,77.8
2021-06-30,99.2,80.2
2021-07-01,97.7,78.1
2021-07-02,98.0,76.4
2021-07-03,96.3,75.6
2021-07-04,94.2,72.5
2021-07-05,100.0,77.7
2021-07-06,103.0,79.5
2021-07-07,107.7,81.5
2021-07-08,107.7,74.2
2021-07-09,108.1,83.0
2021-07-10,107.5,82.1
2021-07-11,108.9,72.3
2021-07-12,102.9,79.2
2021-07-13,101.9,73.1
2021-07-14,100.9,74.3
2021-07-15,90.5,74.9
2021-07-16,92.8,78.7
2021-07-17,97.2,72.7
2021-07-18,97.5,73.6
2021-07-19,98.8,75.0
2021-07-20,101.5,76.7
2021-07-21,102.0,77.1
2021-07-22,98.3,76.6
2021-07-23,84.7,68.0
2021-07-24,78.5,69.7
2021-07-25,76.1,67.8
2021-07-26,91.9,68.2
2021-07-27,97.4,73.7
2021-07-28,97.1,71.3
2021-07-29,98.0,75.4
2021-07-30,97.6,71.0
2021-07-31,94.7,70.6
2021-08-01,96.9,76.1
2021-08-02,100.5,76.6
2021-08-03,102.9,76.3
2021-08-04,105.5,74.2
2021-08-05,104.9,79.0
2021-08-06,102.4,79.4
2021-08-07,99.9,76.2
2021-08-08,98.8,77.2
2021-08-09,95.8,74.3
2021-08-10,90.2,73.2
2021-08-11,90.0,69.9
2021-08-12,90.9,70.9
2021-08-13,92.5,72.9
2021-08-14,91.0,68.6
2021-08-15,93.5,73.9
2021-08-16,94.9,74.1
2021-08-17,92.7,69.1
2021-08-18,91.6,72.8
2021-08-19,93.0,72.4
2021-08-20,93.9,72.1
2021-08-21,97.5,71.2
2021-08-22,98.5,73.9
2021-08-23,98.9,71.0
2021-08-24,98.7,75.3
2021-08-25,103.6,74.0
2021-08-26,108.6,76.3
2021-08-27,104.9,80.6
2021-08-28,102.8,81.9
2021-08-29,102.7,74.6
2021-08-30,99.4,78.4
2021-08-31,90.2,74.3
2021-09-01,89.1,71.1
2021-09-02,92.0,72.7
2021-09-03,95.9,70.4
2021-09-04,98.9,78.2
2021-09-05,101.9,76.3
2021-09-06,95.8,70.1
2021-09-07,96.4,73.8
2021-09-08,101.3,75.8
2021-09-09,101.3,74.4
2021-09-10,101.6,73.6
2021-09-11,101.7,70.6
2021-09-12,102.8,69.2
2021-09-13,102.3,69.1
2021-09-14,100.3,72.8
2021-09-15,100.0,67.2
2021-09-16,100.1,66.8
2021-09-17,98.3,76.4
2021-09-18,96.5,71.2
2021-09-19,95.3,70.6
2021-09-20,95.2,66.9
2021-09-21,96.6,63.8
2021-09-22,96.7,69.7
2021-09-23,93.7,71.8
2021-09-24,87.2,63.5
2021-09-25,90.7,67.4
2021-09-26,85.0,65.1
2021-09-27,83.4,62.6
2021-09-28,88.6,67.4
2021-09-29,87.8,66.4
2021-09-30,85.5,65.1
2021-10-01,85.7,61.1
2021-10-02,88.9,56.6
2021-10-03,91.7,61.3
2021-10-04,94.5,65.8
2021-10-05,89.9,66.9
2021-10-06,90.3,62.7
2021-10-07,93.0,61.3
2021-10-08,94.3,59.6
2021-10-09,90.9,61.6
2021-10-10,85.1,53.0
2021-10-11,85.1,51.2
2021-10-12,81.4,57.4
2021-10-13,73.3,39.1
2021-10-14,75.7,43.4
2021-10-15,82.6,43.7
2021-10-16,90.0,62.9
2021-10-17,88.7,62.7
2021-10-18,85.1,55.1
2021-10-19,80.9,60.7
2021-10-20,85.6,51.1
2021-10-21,90.2,51.5
2021-10-22,86.6,53.2
2021-10-23,84.5,53.9
2021-10-24,86.7,55.1
2021-10-25,90.8,56.0
2021-10-26,86.1,61.8
2021-10-27,74.9,42.5
2021-10-28,84.3,44.8
2021-10-29,91.1,53.6
2021-10-30,87.4,54.1
2021-10-31,84.8,53.8
2021-11-01,83.8,52.1
2021-11-02,81.9,51.4
2021-11-03,82.9,46.7
2021-11-04,87.9,49.2
2021-11-05,89.3,52.6
2021-11-06,89.6,52.7
2021-11-07,88.0,54.9
2021-11-08,85.3,54.3
2021-11-09,82.0,51.3
2021-11-10,78.9,47.5
2021-11-11,81.1,45.2
2021-11-12,85.6,44.0
2021-11-13,87.4,46.1
2021-11-14,86.3,46.8
2021-11-15,86.3,46.4
2021-11-16,83.4,48.4
2021-11-17,76.8,48.1
2021-11-18,80.8,43.3
2021-11-19,82.7,57.5
2021-11-20,79.9,48.5
2021-11-21,78.5,49.0
2021-11-22,79.3,62.3
2021-11-23,80.6,61.5
2021-11-24,72.9,53.3
2021-11-25,68.0,52.8
2021-11-26,73.2,54.0
2021-11-27,72.2,42.8
2021-11-28,80.2,41.4
2021-11-29,80.5,46.7
2021-11-30,79.4,45.2
2021-12-01,83.0,46.7
2021-12-02,82.0,52.9
2021-12-03,78.1,48.8
2021-12-04,74.8,46.7
2021-12-05,73.8,41.1
2021-12-06,78.2,42.4
2021-12-07,75.4,49.8
2021-12-08,73.6,43.6
2021-12-09,71.4,45.2
2021-12-10,67.3,50.2
2021-12-11,65.2,40.5
2021-12-12,71.7,37.5
2021-12-13,74.5,42.9
2021-12-14,69.7,53.9
2021-12-15,67.3,43.2
2021-12-16,62.8,34.4
2021-12-17,60.0,34.1
2021-12-18,60.5,30.3
2021-12-19,67.2,42.1
2021-12-20,69.4,36.3
2021-12-21,73.5,39.3
2021-12-22,75.2,42.9
2021-12-23,79.1,50.5
2021-12-24,74.7,52.4
2021-12-25,63.4,55.0
2021-12-26,64.0,52.4
2021-12-27,61.5,40.6
2021-12-28,58.5,36.1
2021-12-29,58.0,44.8
2021-12-30,57.8,41.3
2021-12-31,63.9,47.9
2022-01-01,53.3,46.6
2022-01-02,60.5,30.8
2022-01-03,66.9,30.3
2022-01-04,67.6,32.7
2022-01-05,66.0,32.6
2022-01-06,70.0,34.4
2022-01-07,75.2,37.9
2022-01-08,71.3,46.7
2022-01-09,71.4,38.7
2022-01-10,68.8,48.3
2022-01-11,66.8,46.7
2022-01-12,70.6,38.1
2022-01-13,72.8,36.8
2022-01-14,69.0,39.8
2022-01-15,66.6,33.2
2022-01-16,74.9,44.6
2022-01-17,70.9,42.7
2022-01-18,68.6,47.0
2022-01-19,64.4,44.1
2022-01-20,66.0,37.3
2022-01-21,69.2,37.2
2022-01-22,66.7,40.7
2022-01-23,64.0,41.9
2022-01-24,66.2,36.5
2022-01-25,68.7,36.1
2022-01-26,65.7,34.0
2022-01-27,64.1,31.3
2022-01-28,65.5,39.3
2022-01-29,72.1,48.5
2022-01-30,71.2,45.6
2022-01-31,68.4,35.7
2022-02-01,65.5,39.8
2022-02-02,63.3,47.4
2022-02-03,53.3,22.6
2022-02-04,58.1,32.0
2022-02-05,66.4,41.2
2022-02-06,69.3,31.7
2022-02-07,67.7,45.5
2022-02-08,71.6,41.6
2022-02-09,75.9,39.4
2022-02-10,77.2,37.6
2022-02-11,77.7,40.7
2022-02-12,78.2,37.3
2022-02-13,81.1,46.1
2022-02-14,82.2,41.7
2022-02-15,79.6,45.2
2022-02-16,74.6,43.1
2022-02-17,60.0,38.7
2022-02-18,68.5,32.0
2022-02-19,76.9,35.3
2022-02-20,78.5,41.3
2022-02-21,75.1,44.6
2022-02-22,68.3,40.4
2022-02-23,66.5,43.1
2022-02-24,55.0,33.5
2022-02-25,63.8,30.6
2022-02-26,64.5,32.3
2022-02-27,73.1,31.7
2022-02-28,79.2,44.8
2022-03-01,81.2,41.0
2022-03-02,84.3,43.5
2022-03-03,86.4,52.5
2022-03-04,83.4,55.6
2022-03-05,71.5,43.7
2022-03-06,69.8,40.7
2022-03-07,63.4,32.6
2022-03-08,63.2,32.3
2022-03-09,67.2,33.2
2022-03-10,72.3,42.9
2022-03-11,70.7,39.6
2022-03-12,77.0,33.8
2022-03-13,77.1,39.4
2022-03-14,78.0,42.6
2022-03-15,84.9,41.7
2022-03-16,84.0,47.7
2022-03-17,79.9,48.5
2022-03-18,78.6,44.8
2022-03-19,83.9,43.1
2022-03-20,82.7,55.9
2022-03-21,67.6,46.8
2022-03-22,74.3,40.5
2022-03-23,74.1,52.0
2022-03-24,83.8,41.9
2022-03-25,92.0,47.1
2022-03-26,93.8,53.4
2022-03-27,92.2,55.1
2022-03-28,90.1,56.3
2022-03-29,78.2,53.8
2022-03-30,73.0,46.1
2022-03-31,78.9,48.6
2022-04-01,83.0,51.1
2022-04-02,87.3,50.8
2022-04-03,86.3,51.8
2022-04-04,82.7,51.9
2022-04-05,87.8,53.3
2022-04-06,88.3,54.8
2022-04-07,90.5,57.3
2022-04-08,92.9,58.8
2022-04-09,92.4,60.5
2022-04-10,90.2,64.3
2022-04-11,86.5,61.8
2022-04-12,84.8,61.3
2022-04-13,72.7,38.7
2022-04-14,83.9,41.6
2022-04-15,86.7,47.9
2022-04-16,90.1,55.2
2022-04-17,90.6,51.5
2022-04-18,94.9,51.4
2022-04-19,95.0,59.8
2022-04-20,92.6,57.0
2022-04-21,93.3,58.3
2022-04-22,91.7,61.2
2022-04-23,79.2,49.6
2022-04-24,81.8,47.6
2022-04-25,91.3,46.7
2022-04-26,96.6,58.9
2022-04-27,96.3,59.5
2022-04-28,91.4,57.0
2022-04-29,86.6,51.0
2022-04-30,91.7,52.6
2022-05-01,93.0,58.1
2022-05-02,91.7,62.9
2022-05-03,91.2,63.8
2022-05-04,87.4,54.8
2022-05-05,93.1,53.8
2022-05-06,97.2,56.9
2022-05-07,97.9,65.0
2022-05-08,96.5,68.6
2022-05-09,91.3,62.8
2022-05-10,92.2,58.2
2022-05-11,92.9,56.2
2022-05-12,90.8,53.5
2022-05-13,94.0,47.4
2022-05-14,100.4,55.1
2022-05-15,104.9,60.7
2022-05-16,103.0,62.8
2022-05-17,99.2,66.8
2022-05-18,97.7,67.7
2022-05-19,96.7,64.8
2022-05-20,95.2,68.4
2022-05-21,95.3,67.7
2022-05-22,95.5,64.1
2022-05-23,94.4,63.8
2022-05-24,92.8,64.9
2022-05-25,97.4,62.2
2022-05-26,102.5,65.4
2022-05-27,103.7,67.5
2022-05-28,102.8,69.1
2022-05-29,97.7,68.6
2022-05-30,93.8,63.7
2022-05-31,96.2,62.6
2022-06-01,98.5,64.4
2022-06-02,101.9,65.0
2022-06-03,100.4,68.4
2022-06-04,99.5,70.2
2022-06-05,99.0,67.3
2022-06-06,101.4,69.6
2022-06-07,103.8,71.8
2022-06-08,105.8,74.6
2022-06-09,104.8,83.5
2022-06-10,108.1,79.5
2022-06-11,107.8,78.5
2022-06-12,107.5,79.8
2022-06-13,107.8,79.7
2022-06-14,102.8,75.8
2022-06-15,103.9,69.7
2022-06-16,110.3,69.0
2022-06-17,108.9,83.6
2022-06-18,99.5,80.3
2022-06-19,100.1,75.3
2022-06-20,99.1,72.7
2022-06-21,100.5,73.4
2022-06-22,101.6,74.5
2022-06-23,102.8,79.1
2022-06-24,101.7,74.6
2022-06-25,103.8,75.8
2022-06-26,99.8,78.9
2022-06-27,94.8,72.2
2022-06-28,100.5,79.9
2022-06-29,99.8,79.6
2022-06-30,99.0,76.0
2022-07-01,96.1,75.6
2022-07-02,99.0,74.0
2022-07-03,100.7,77.6
2022-07-04,100.1,78.0
2022-07-05,99.2,77.2
2022-07-06,101.5,73.3
2022-07-07,102.2,70.9
2022-07-08,105.5,76.0
2022-07-09,109.4,81.1
2022-07-10,106.1,80.8
2022-07-11,107.8,80.3
2022-07-12,108.4,84.9
2022-07-13,106.8,81.0
2022-07-14,105.0,82.0
2022-07-15,108.0,80.0
2022-07-16,105.9,78.2
2022-07-17,105.0,76.7
2022-07-18,103.0,79.8
2022-07-19,106.0,82.8
2022-07-20,105.5,82.0
2022-07-21,104.2,79.2
2022-07-22,108.1,84.8
2022-07-23,103.3,80.3
2022-07-24,101.9,75.3
2022-07-25,95.5,72.4
2022-07-26,92.9,73.5
2022-07-27,94.9,73.4
2022-07-28,85.6,75.2
2022-07-29,93.9,71.3
2022-07-30,96.2,74.1
2022-07-31,98.4,69.4
2022-08-01,97.4,71.3
2022-08-02,98.1,75.4
2022-08-03,95.6,75.0
2022-08-04,95.3,71.8
2022-08-05,98.3,74.9
2022-08-06,104.1,76.3
2022-08-07,102.5,73.9
2022-08-08,97.2,71.6
2022-08-09,96.6,71.5
2022-08-10,98.7,73.1
2022-08-11,94.5,73.6
2022-08-12,93.6,75.9
2022-08-13,97.5,73.1
2022-08-14,97.6,72.0
2022-08-15,98.6,75.4
2022-08-16,100.2,74.9
2022-08-17,99.7,75.4
2022-08-18,99.6,71.8
2022-08-19,86.7,74.7
2022-08-20,78.7,72.9
2022-08-21,90.6,71.5
2022-08-22,93.8,73.3
2022-08-23,98.0,74.9
2022-08-24,95.6,71.9
2022-08-25,96.5,74.1
2022-08-26,97.6,74.0
2022-08-27,98.3,74.8
2022-08-28,96.0,74.8
2022-08-29,99.2,72.4
2022-08-30,103.7,74.0
2022-08-31,103.0,78.1
2022-09-01,97.8,78.0
2022-09-02,102.2,73.7
2022-09-03,101.8,76.1
2022-09-04,99.1,78.0
2022-09-05,102.8,75.4
2022-09-06,103.0,78.5
2022-09-07,101.1,69.6
2022-09-08,96.4,76.6
2022-09-09,93.6,77.4
2022-09-10,94.4,69.9
2022-09-11,101.6,71.4
2022-09-12,95.5,72.0
2022-09-13,92.2,69.4
2022-09-14,92.5,68.4
2022-09-15,95.7,67.9
2022-09-16,97.1,65.8
2022-09-17,100.3,63.4
2022-09-18,100.1,66.2
2022-09-19,100.1,68.6
2022-09-20,95.2,74.9
2022-09-21,94.6,72.4
2022-09-22,95.7,69.5
2022-09-23,96.3,70.1
2022-09-24,96.5,70.3
2022-09-25,98.9,69.2
2022-09-26,98.9,74.1
2022-09-27,95.7,75.0
2022-09-28,94.2,72.6
2022-09-29,88.5,68.0
2022-09-30,92.3,66.9
2022-10-01,90.1,64.1
2022-10-02,92.0,64.9
2022-10-03,93.3,69.8
2022-10-04,89.9,67.8
2022-10-05,87.9,58.9
2022-10-06,86.1,62.9
2022-10-07,86.0,64.1
2022-10-08,84.3,65.7
2022-10-09,84.5,62.0
2022-10-10,84.5,61.0
2022-10-11,87.8,60.4
2022-10-12,90.2,58.6
2022-10-13,92.1,59.7
2022-10-14,89.8,61.3
2022-10-15,84.9,67.0
2022-10-16,78.7,61.5
2022-10-17,79.7,50.5
2022-10-18,80.9,62.5
2022-10-19,84.1,64.8
2022-10-20,87.9,63.7
2022-10-21,89.9,58.2
2022-10-22,87.6,64.3
2022-10-23,83.6,64.1
2022-10-24,67.7,50.2
2022-10-25,74.9,39.1
2022-10-26,80.3,45.1
2022-10-27,76.4,48.6
2022-10-28,77.8,46.6
2022-10-29,80.8,54.2
2022-10-30,77.3,44.5
2022-10-31,80.5,43.4
2022-11-01,80.0,51.7
2022-11-02,78.3,50.7
2022-11-03,74.8,56.9
2022-11-04,60.2,35.4
2022-11-05,70.4,35.6
2022-11-06,81.2,43.4
2022-11-07,83.0,48.3
2022-11-08,83.0,47.0
2022-11-09,77.9,55.5
2022-11-10,69.6,49.0
2022-11-11,66.8,36.8
2022-11-12,74.9,38.0
2022-11-13,74.0,42.7
2022-11-14,67.3,35.4
2022-11-15,70.3,35.0
2022-11-16,66.8,36.6
2022-11-17,71.0,46.6
2022-11-18,72.9,39.0
2022-11-19,70.4,37.7
2022-11-20,67.3,48.9
2022-11-21,72.3,40.2
2022-11-22,73.9,49.6
2022-11-23,71.7,40.7
2022-11-24,66.3,34.9
2022-11-25,65.8,42.7
2022-11-26,67.1,33.7
2022-11-27,68.2,34.4
2022-11-28,73.4,37.8
2022-11-29,68.1,48.4
2022-11-30,75.6,39.7
2022-12-01,77.0,43.9
2022-12-02,73.7,50.2
2022-12-03,67.1,49.6
2022-12-04,64.1,58.0
2022-12-05,67.9,58.6
2022-12-06,71.3,48.6
2022-12-07,66.9,45.2
2022-12-08,64.4,39.8
2022-12-09,63.2,41.4
2022-12-10,68.3,34.9
2022-12-11,74.4,42.0
2022-12-12,67.6,41.4
2022-12-13,51.5,37.5
2022-12-14,51.0,30.2
2022-12-15,54.1,29.0
2022-12-16,56.0,34.6
2022-12-17,59.4,27.4
2022-12-18,62.3,40.0
2022-12-19,62.3,32.9
2022-12-20,65.1,32.2
2022-12-21,64.8,31.1
2022-12-22,66.4,32.9
2022-12-23,67.7,35.3
2022-12-24,69.6,33.8
2022-12-25,73.1,36.9
2022-12-26,77.0,35.4
2022-12-27,77.6,45.2
2022-12-28,72.3,51.8
2022-12-29,62.7,41.6
2022-12-30,61.1,50.6
2022-12-31,70.4,43.1
2023-01-01,66.8,52.2
2023-01-02,52.4,41.4
2023-01-03,60.5,41.8
2023-01-04,65.4,39.6
2023-01-05,69.6,42.0
2023-01-06,66.2,44.2
2023-01-07,69.9,37.5
2023-01-08,73.0,37.8
2023-01-09,73.1,39.3
2023-01-10,74.1,43.2
2023-01-11,71.2,45.1
2023-01-12,75.7,34.4
2023-01-13,79.2,55.2
2023-01-14,73.8,43.4
2023-01-15,66.5,55.2
2023-01-16,52.5,47.2
2023-01-17,54.9,43.5
2023-01-18,53.0,38.3
2023-01-19,58.3,31.6
2023-01-20,56.3,33.5
2023-01-21,54.8,29.0
2023-01-22,63.3,29.6
2023-01-23,61.0,35.5
2023-01-24,51.6,28.1
2023-01-25,57.8,29.0
2023-01-26,58.3,29.4
2023-01-27,62.6,30.0
2023-01-28,66.9,32.3
2023-01-29,69.1,36.8
2023-01-30,66.6,36.0
2023-01-31,61.6,34.9
2023-02-01,60.6,32.6
2023-02-02,65.5,33.4
2023-02-03,74.2,37.1
2023-02-04,77.8,39.6
2023-02-05,77.8,41.2
2023-02-06,72.2,38.3
2023-02-07,60.7,31.0
2023-02-08,64.5,31.0
2023-02-09,67.1,31.6
2023-02-10,68.6,42.7
2023-02-11,71.0,53.8
2023-02-12,77.3,40.6
2023-02-13,73.9,38.0
2023-02-14,61.4,37.8
2023-02-15,60.5,35.0
2023-02-16,55.0,24.6
2023-02-17,65.3,38.0
2023-02-18,74.3,51.3
2023-02-19,72.2,48.6
2023-02-20,70.2,53.2
2023-02-21,68.8,52.8
2023-02-22,60.2,44.6
2023-02-23,60.2,44.3
2023-02-24,68.6,33.9
2023-02-25,77.3,46.1
2023-02-26,74.2,37.8
2023-02-27,64.2,31.4
2023-02-28,64.1,34.4
2023-03-01,64.6,38.5
2023-03-02,62.6,33.9
2023-03-03,58.7,31.6
2023-03-04,72.2,33.7
2023-03-05,72.3,42.5
2023-03-06,75.0,42.3
2023-03-07,74.9,51.5
2023-03-08,76.7,43.3
2023-03-09,76.8,40.7
2023-03-10,79.1,43.8
2023-03-11,76.7,49.5
2023-03-12,74.9,53.8
2023-03-13,75.5,46.5
2023-03-14,78.4,46.4
2023-03-15,76.5,54.8
2023-03-16,68.9,52.9
2023-03-17,69.5,45.2
2023-03-18,70.5,40.5
2023-03-19,71.6,52.2
2023-03-20,75.7,50.9
2023-03-21,75.0,57.9
2023-03-22,72.0,51.5
2023-03-23,64.1,48.4
2023-03-24,63.6,42.4
2023-03-25,68.8,37.8
2023-03-26,68.1,40.0
2023-03-27,72.2,38.9
2023-03-28,82.4,41.2
2023-03-29,83.5,46.3
2023-03-30,81.8,54.3
2023-03-31,70.1,42.2
2023-04-01,83.6,41.3
2023-04-02,81.7,45.0
2023-04-03,83.7,46.5
2023-04-04,81.0,45.1
2023-04-05,68.6,31.9
2023-04-06,78.8,37.5
2023-04-07,83.9,44.6
2023-04-08,83.9,47.8
2023-04-09,86.4,48.5
2023-04-10,95.7,51.9
2023-04-11,96.8,60.9
2023-04-12,94.2,59.5
2023-04-13,91.2,63.7
2023-04-14,82.0,54.2
2023-04-15,83.4,48.8
2023-04-16,89.2,51.1
2023-04-17,89.4,52.9
2023-04-18,88.0,55.4
2023-04-19,84.8,51.0
2023-04-20,81.2,47.9
2023-04-21,87.5,47.8
2023-04-22,88.0,52.5
2023-04-23,91.6,57.5
2023-04-24,89.9,57.8
2023-04-25,88.5,61.4
2023-04-26,87.2,55.9
2023-04-27,89.3,52.4
2023-04-28,93.0,55.3
2023-04-29,97.2,57.8
2023-04-30,100.1,59.7
2023-05-01,97.8,64.0
2023-05-02,88.4,61.5
2023-05-03,87.9,58.7
2023-05-04,85.5,57.6
2023-05-05,82.8,51.8
2023-05-06,86.1,51.2
2023-05-07,87.9,53.6
2023-05-08,91.7,54.8
2023-05-09,92.6,57.3
2023-05-10,90.9,59.5
2023-05-11,84.6,49.9
2023-05-12,89.9,55.0
2023-05-13,94.0,59.8
2023-05-14,93.7,72.3
2023-05-15,95.5,69.7
2023-05-16,97.2,73.6
2023-05-17,93.1,71.9
2023-05-18,91.1,70.4
2023-05-19,90.0,63.6
2023-05-20,94.7,63.8
2023-05-21,94.6,64.5
2023-05-22,97.2,63.1
2023-05-23,97.0,63.0
2023-05-24,96.0,63.9
2023-05-25,96.0,64.2
2023-05-26,95.6,62.1
2023-05-27,96.5,62.6
2023-05-28,96.9,63.0
2023-05-29,97.0,66.0
2023-05-30,95.4,67.7
2023-05-31,93.9,61.9
2023-06-01,88.3,58.3
2023-06-02,89.9,63.7
2023-06-03,95.6,61.0
2023-06-04,99.6,66.3
2023-06-05,101.7,66.6
2023-06-06,99.4,69.1
2023-06-07,96.0,64.1
2023-06-08,94.4,64.1
2023-06-09,93.6,63.5
2023-06-10,98.3,61.9
2023-06-11,96.8,72.1
2023-06-12,92.5,60.5
2023-06-13,91.3,61.6
2023-06-14,98.5,62.5
2023-06-15,98.4,65.3
2023-06-16,99.9,67.3
2023-06-17,100.8,65.0
2023-06-18,102.6,70.2
2023-06-19,102.8,73.9
2023-06-20,101.9,76.9
2023-06-21,102.6,68.3
2023-06-22,102.6,69.6
2023-06-23,101.0,70.3
2023-06-24,104.4,63.4
2023-06-25,108.9,69.5
2023-06-26,110.7,73.4
2023-06-27,108.2,74.8
2023-06-28,106.3,77.3
2023-06-29,104.7,76.6
2023-06-30,103.7,70.1
2023-07-01,105.9,69.3
2023-07-02,107.9,72.9
2023-07-03,108.3,79.1
2023-07-04,107.7,79.0
2023-07-05,105.7,77.3
2023-07-06,110.0,74.4
2023-07-07,108.5,80.7
2023-07-08,108.3,79.3
2023-07-09,106.8,83.0
2023-07-10,105.1,81.3
2023-07-11,104.1,81.3
2023-07-12,104.1,82.1
2023-07-13,106.3,86.1
2023-07-14,107.2,85.1
2023-07-15,108.9,84.8
2023-07-16,108.9,81.6
2023-07-17,110.4,84.5
2023-07-18,110.9,79.1
2023-07-19,112.2,81.6
2023-07-20,110.5,75.8
2023-07-21,109.5,85.3
2023-07-22,109.9,80.9
2023-07-23,109.5,80.7
2023-07-24,108.0,74.1
2023-07-25,111.3,76.1
2023-07-26,110.0,78.8
2023-07-27,108.6,77.9
2023-07-28,107.9,83.4
2023-07-29,107.5,78.9
2023-07-30,107.3,79.1
2023-07-31,105.6,77.4
2023-08-01,103.8,72.5
2023-08-02,102.9,80.3
2023-08-03,104.5,79.7
2023-08-04,107.7,75.8
2023-08-05,110.0,76.2
2023-08-06,109.1,82.1
2023-08-07,105.3,82.3
2023-08-08,102.9,82.7
2023-08-09,103.7,76.0
2023-08-10,102.9,81.1
2023-08-11,100.8,79.9
2023-08-12,97.2,74.3
2023-08-13,101.0,71.5
2023-08-14,103.0,78.8
2023-08-15,102.8,82.2
2023-08-16,107.8,84.6
2023-08-17,105.7,78.6
2023-08-18,98.0,75.2
2023-08-19,95.2,71.7
2023-08-20,94.9,74.6
2023-08-21,90.9,73.4
2023-08-22,100.4,68.0
2023-08-23,96.6,68.6
2023-08-24,99.6,75.8
2023-08-25,104.6,74.9
2023-08-26,102.7,82.2
2023-08-27,104.7,79.4
2023-08-28,108.4,78.5
2023-08-29,108.0,81.3
2023-08-30,105.5,85.2
2023-08-31,102.9,74.9
2023-09-01,101.0,73.8
2023-09-02,96.5,72.6
2023-09-03,97.1,72.9
2023-09-04,98.8,72.2
2023-09-05,101.2,68.4
2023-09-06,105.3,67.8
2023-09-07,103.5,70.6
2023-09-08,101.9,78.0
2023-09-09,107.0,75.8
2023-09-10,110.1,78.6
2023-09-11,106.5,80.4
2023-09-12,98.5,71.9
2023-09-13,91.2,74.5
2023-09-14,95.2,70.3
2023-09-15,98.5,67.2
2023-09-16,99.6,66.0
2023-09-17,101.2,68.8
2023-09-18,99.8,68.0
2023-09-19,98.0,64.6
2023-09-20,95.5,67.4
2023-09-21,97.2,69.3
2023-09-22,97.9,68.1
2023-09-23,95.7,67.4
2023-09-24,95.9,63.6
2023-09-25,100.3,63.1
2023-09-26,102.2,67.9
2023-09-27,102.8,68.0
2023-09-28,100.8,71.8
2023-09-29,99.8,70.3
2023-09-30,98.0,70.0
2023-10-01,93.8,65.6
2023-10-02,90.2,63.4
2023-10-03,86.8,56.4
2023-10-04,89.7,55.0
2023-10-05,96.3,58.0
2023-10-06,99.9,63.9
2023-10-07,98.1,80.2
2023-10-08,95.3,73.5
2023-10-09,94.5,69.6
2023-10-10,92.5,63.0
2023-10-11,94.6,65.1
2023-10-12,91.1,62.6
2023-10-13,88.5,57.8
2023-10-14,90.2,60.8
2023-10-15,97.4,59.0
2023-10-16,99.2,63.9
2023-10-17,98.0,68.1
2023-10-18,96.0,63.2
2023-10-19,99.9,58.9
2023-10-20,100.3,59.5
2023-10-21,98.2,60.9
2023-10-22,94.0,66.0
2023-10-23,91.7,66.5
2023-10-24,86.1,61.2
2023-10-25,77.1,55.2
2023-10-26,81.4,55.5
2023-10-27,85.0,56.1
2023-10-28,84.5,55.5
2023-10-29,81.8,51.7
2023-10-30,73.1,45.2
2023-10-31,74.8,51.7
2023-11-01,80.1,56.9
2023-11-02,83.1,48.8
2023-11-03,86.1,46.9
2023-11-04,88.8,46.9
2023-11-05,92.8,54.0
2023-11-06,91.5,57.1
2023-11-07,91.1,55.9
2023-11-08,85.9,50.8
2023-11-09,73.5,43.9
2023-11-10,71.6,41.5
2023-11-11,75.6,47.2
2023-11-12,80.3,53.9
2023-11-13,82.2,61.6
2023-11-14,83.0,64.1
2023-11-15,84.0,61.5
2023-11-16,81.1,62.5
2023-11-17,78.5,61.0
2023-11-18,75.9,60.9
2023-11-19,71.9,51.3
2023-11-20,68.3,43.1
2023-11-21,72.4,49.6
2023-11-22,75.7,48.1
2023-11-23,75.3,50.3
2023-11-24,73.9,51.3
2023-11-25,70.0,48.4
2023-11-26,68.3,40.0
2023-11-27,70.9,46.4
2023-11-28,76.3,51.1
2023-11-29,72.6,44.1
2023-11-30,67.3,49.5
2023-12-01,59.1,47.5
2023-12-02,61.5,38.2
2023-12-03,67.1,35.0
2023-12-04,70.9,36.5
2023-12-05,81.6,41.0
2023-12-06,82.2,56.0
2023-12-07,77.3,44.1
2023-12-08,71.6,42.0
2023-12-09,65.4,34.9
2023-12-10,72.0,42.7
2023-12-11,77.3,38.3
2023-12-12,78.6,43.3
2023-12-13,72.4,40.7
2023-12-14,65.9,34.8
2023-12-15,73.4,34.4
2023-12-16,76.9,52.6
2023-12-17,80.7,46.0
2023-12-18,80.8,46.3
2023-12-19,75.1,52.4
2023-12-20,74.5,52.6
2023-12-21,75.2,45.3
2023-12-22,72.7,49.7
2023-12-23,54.1,47.7
2023-12-24,57.6,40.9
2023-12-25,58.6,36.6
2023-12-26,59.5,34.9
2023-12-27,61.1,33.1
2023-12-28,65.7,34.7
2023-12-29,70.5,36.9
2023-12-30,74.2,49.6
2023-12-31,70.4,37.3
2024-01-01,66.4,35.8
2024-01-02,61.4,42.5
2024-01-03,66.3,37.0
2024-01-04,63.0,40.3
2024-01-05,55.1,34.4
2024-01-06,56.2,31.8
2024-01-07,58.1,38.1
2024-01-08,44.8,31.0
2024-01-09,52.1,27.9
2024-01-10,60.6,28.8
2024-01-11,57.5,39.1
2024-01-12,56.0,26.6
2024-01-13,64.1,29.9
2024-01-14,68.0,35.3
2024-01-15,66.8,34.4
2024-01-16,67.7,34.5
2024-01-17,72.6,36.9
2024-01-18,74.2,42.1
2024-01-19,77.0,41.6
2024-01-20,74.2,45.6
2024-01-21,69.5,52.7
2024-01-22,60.3,46.1
2024-01-23,58.3,48.9
2024-01-24,56.4,43.7
2024-01-25,59.6,43.1
2024-01-26,62.7,43.9
2024-01-27,71.0,39.0
2024-01-28,77.6,52.4
2024-01-29,78.6,49.4
2024-01-30,78.8,47.3
2024-01-31,76.3,48.7
2024-02-01,75.3,51.4
2024-02-02,74.2,48.4
2024-02-03,58.5,40.3
2024-02-04,67.1,38.7
2024-02-05,74.4,46.9
2024-02-06,72.1,54.1
2024-02-07,62.4,44.3
2024-02-08,60.3,39.9
2024-02-09,56.0,38.0
2024-02-10,52.6,39.7
2024-02-11,54.2,35.4
2024-02-12,65.5,32.4
2024-02-13,71.1,37.8
2024-02-14,68.7,37.5
2024-02-15,71.3,37.6
2024-02-16,69.9,38.9
2024-02-17,72.2,39.3
2024-02-18,74.1,43.2
2024-02-19,75.9,44.8
2024-02-20,81.0,44.1
2024-02-21,78.6,48.7
2024-02-22,68.9,43.2
2024-02-23,73.3,43.8
2024-02-24,79.8,42.9
2024-02-25,84.5,48.8
2024-02-26,80.4,61.3
2024-02-27,73.4,61.9
2024-02-28,69.6,48.9
2024-02-29,68.7,44.2
2024-03-01,74.9,44.3
2024-03-02,76.9,44.8
2024-03-03,75.0,45.7
2024-03-04,70.6,44.1
2024-03-05,74.1,43.8
2024-03-06,71.4,48.1
2024-03-07,68.0,42.9
2024-03-08,58.7,44.3
2024-03-09,68.7,40.1
2024-03-10,74.8,46.6
2024-03-11,78.2,46.5
2024-03-12,77.0,44.5
2024-03-13,75.4,46.4
2024-03-14,71.9,45.7
2024-03-15,71.3,49.8
2024-03-16,65.9,42.5
2024-03-17,65.9,40.4
2024-03-18,76.3,41.0
2024-03-19,73.7,43.9
2024-03-20,72.9,46.0
2024-03-21,75.8,47.9
2024-03-22,81.8,46.9
2024-03-23,80.3,54.6
2024-03-24,74.4,47.0
2024-03-25,61.8,42.6
2024-03-26,64.8,45.3
2024-03-27,71.3,41.2
2024-03-28,77.7,42.9
2024-03-29,82.9,52.2
2024-03-30,81.9,55.9
2024-03-31,79.2,52.3
2024-04-01,55.5,47.6
2024-04-02,67.8,45.6
2024-04-03,77.2,45.4
2024-04-04,86.6,47.2
2024-04-05,85.2,54.3
2024-04-06,72.7,45.3
2024-04-07,73.1,37.1
2024-04-08,72.5,46.3
2024-04-09,74.4,49.1
2024-04-10,82.0,46.7
2024-04-11,91.0,47.1
2024-04-12,89.8,56.4
2024-04-13,86.2,51.2
2024-04-14,86.6,52.1
2024-04-15,84.6,49.7
2024-04-16,83.0,45.2
2024-04-17,88.4,50.3
2024-04-18,92.0,53.2
2024-04-19,93.6,55.9
2024-04-20,91.8,56.8
2024-04-21,92.9,56.5
2024-04-22,96.6,60.1
2024-04-23,94.7,60.1
2024-04-24,90.7,59.4
2024-04-25,84.1,56.1
2024-04-26,82.0,53.6
2024-04-27,79.0,53.6
2024-04-28,80.5,50.3
2024-04-29,88.8,53.2
2024-04-30,92.6,58.1
2024-05-01,91.0,59.1
2024-05-02,88.9,57.9
2024-05-03,90.6,62.1
2024-05-04,89.9,59.6
2024-05-05,90.2,60.8
2024-05-06,86.3,55.9
2024-05-07,88.3,50.8
2024-05-08,89.3,58.7
2024-05-09,87.5,56.5
2024-05-10,89.6,54.2
2024-05-11,88.4,56.2
2024-05-12,88.2,57.5
2024-05-13,92.4,59.7
2024-05-14,94.1,61.8
2024-05-15,93.3,63.2
2024-05-16,89.4,63.5
2024-05-17,94.8,64.7
2024-05-18,98.2,64.9
2024-05-19,97.3,64.7
2024-05-20,94.4,62.3
2024-05-21,93.9,63.0
2024-05-22,93.4,59.3
2024-05-23,94.5,58.7
2024-05-24,96.5,63.4
2024-05-25,95.1,66.6
2024-05-26,94.1,59.6
2024-05-27,99.4,61.5
2024-05-28,101.2,65.0
2024-05-29,100.1,65.8
2024-05-30,99.6,63.4
2024-05-31,102.3,66.0
2024-06-01,103.3,66.5
2024-06-02,101.7,68.5
2024-06-03,99.3,67.4
2024-06-04,99.8,70.6
2024-06-05,104.3,67.9
2024-06-06,106.7,72.5
2024-06-07,108.8,75.6
2024-06-08,106.9,72.5
2024-06-09,103.5,75.1
2024-06-10,102.0,70.2
2024-06-11,107.7,70.4
2024-06-12,107.7,71.3
2024-06-13,106.8,78.2
2024-06-14,103.2,74.3
2024-06-15,106.0,68.6
2024-06-16,107.6,75.6
2024-06-17,106.5,77.7
2024-06-18,103.4,74.1
2024-06-19,104.1,72.9
2024-06-20,108.1,74.9
2024-06-21,105.8,88.5
2024-06-22,102.2,77.3
2024-06-23,101.8,77.8
2024-06-24,100.1,79.9
2024-06-25,101.9,78.2
2024-06-26,103.9,82.0
2024-06-27,106.7,83.1
2024-06-28,105.9,83.0
2024-06-29,99.0,75.7
2024-06-30,102.8,79.1
2024-07-01,101.1,79.4
2024-07-02,109.7,78.9
2024-07-03,105.4,78.5
2024-07-04,105.5,81.1
2024-07-05,110.5,79.5
2024-07-06,107.9,80.4
2024-07-07,108.2,81.1
2024-07-08,111.9,79.1
2024-07-09,110.9,85.0
2024-07-10,110.0,82.1
2024-07-11,109.0,83.6
2024-07-12,108.1,74.4
2024-07-13,107.7,79.3
2024-07-14,108.6,81.9
2024-07-15,99.8,74.4
2024-07-16,101.1,78.1
2024-07-17,104.3,76.8
2024-07-18,106.5,83.9
2024-07-19,107.5,74.8
2024-07-20,105.9,79.9
2024-07-21,105.3,77.1
2024-07-22,102.4,75.4
2024-07-23,103.7,78.7
2024-07-24,104.6,80.4
2024-07-25,107.3,80.4
2024-07-26,107.2,72.0
2024-07-27,102.1,77.1
2024-07-28,99.8,76.6
2024-07-29,101.3,75.4
2024-07-30,100.9,79.5
2024-07-31,100.1,76.0
2024-08-01,100.0,74.3
2024-08-02,105.4,79.4
2024-08-03,107.6,76.8
2024-08-04,108.4,78.7
2024-08-05,104.0,81.3
2024-08-06,103.7,78.5
2024-08-07,92.0,76.5
2024-08-08,102.5,77.5
2024-08-09,101.1,74.3
2024-08-10,104.4,81.7
2024-08-11,97.2,78.3
2024-08-12,100.7,76.6
2024-08-13,101.6,77.8
2024-08-14,101.2,78.2
2024-08-15,104.6,76.9
2024-08-16,104.6,81.2
2024-08-17,105.9,80.0
2024-08-18,100.3,74.7
2024-08-19,106.0,78.5
2024-08-20,104.7,78.5
2024-08-21,105.9,79.4
2024-08-22,98.4,77.1
2024-08-23,102.3,74.9
2024-08-24,97.9,73.5
2024-08-25,101.2,75.5
2024-08-26,100.7,76.4
2024-08-27,101.1,80.4
2024-08-28,97.7,78.7
2024-08-29,101.5,72.5
2024-08-30,103.2,72.6
2024-08-31,101.6,78.7
2024-09-01,99.0,76.5
2024-09-02,98.5,77.2
2024-09-03,98.0,77.9
2024-09-04,103.8,79.1
2024-09-05,106.9,77.6
2024-09-06,106.2,86.6
2024-09-07,101.6,83.7
2024-09-08,100.5,79.4
2024-09-09,101.7,76.3
2024-09-10,104.0,71.5
2024-09-11,104.2,70.4
2024-09-12,102.7,72.5
2024-09-13,100.5,73.1
2024-09-14,97.9,76.2
2024-09-15,97.3,75.7
2024-09-16,95.4,75.2
2024-09-17,93.3,71.9
2024-09-18,92.2,67.3
2024-09-19,94.5,63.0
2024-09-20,93.5,63.6
2024-09-21,90.1,67.1
2024-09-22,90.9,58.8
2024-09-23,97.9,61.6
2024-09-24,101.1,63.2
2024-09-25,105.3,73.4
2024-09-26,105.5,72.6
2024-09-27,108.2,72.2
2024-09-28,107.6,76.4
2024-09-29,105.2,79.9
2024-09-30,104.0,72.8
2024-10-01,105.6,73.4
2024-10-02,100.9,77.0
2024-10-03,101.9,68.1
2024-10-04,104.3,68.0
2024-10-05,103.5,72.1
2024-10-06,104.6,66.0
2024-10-07,102.9,70.7
2024-10-08,101.9,70.9
2024-10-09,100.1,68.6
2024-10-10,101.5,73.7
2024-10-11,101.0,69.2
2024-10-12,101.1,65.7
2024-10-13,101.2,64.3
2024-10-14,97.0,68.3
2024-10-15,94.0,64.0
2024-10-16,94.9,63.3
2024-10-17,91.4,64.4
2024-10-18,86.4,65.2
2024-10-19,71.1,47.2
2024-10-20,78.7,44.4
2024-10-21,87.6,46.9
2024-10-22,95.0,51.7
2024-10-23,98.6,57.4
2024-10-24,94.2,57.9
2024-10-25,97.0,58.9
2024-10-26,97.6,58.7
2024-10-27,96.5,61.5
2024-10-28,92.5,61.3
2024-10-29,86.6,60.5
2024-10-30,71.1,43.8
2024-10-31,80.5,41.8
2024-11-01,82.0,46.3
2024-11-02,79.5,48.3
2024-11-03,74.6,52.1
2024-11-04,61.4,43.9
2024-11-05,70.4,39.0
2024-11-06,67.2,42.5
2024-11-07,59.4,34.1
2024-11-08,64.1,32.0
2024-11-09,72.0,36.2
2024-11-10,82.5,40.5
2024-11-11,81.0,47.4
2024-11-12,75.8,44.7
2024-11-13,78.3,35.8
2024-11-14,86.4,39.6
2024-11-15,78.9,48.1
